kategoria_bdot,funkcja_ogolna_budynku,funkcja_szczegolowa_budynku,building,amenity,man_made,leisure,historic,tourism
budynki muzeów i bibliotek,muzea lub biblioteki,dom parafialny,yes,,,,,
budynki szkół i instytucji badawczych,budynki szkół i instytucji badawczych,budynek wielorodzinny,apartments,,,,,
budynki szkół i instytucji badawczych,budynki szkół i instytucji badawczych,ośrodek szkoleniowo wypoczynkowy,hotel,,,,,
"budynki łączności, dworców i terminali",budynki łączności dworców i terminali,lokomotywownia lub wagonownia,yes,,,,,
budynki przemysłowe,budynki przemysłowe,zajezdnia autobusowa,yes,,,,,
budynki handlowo-usługowe,budynki handlowo-usługowe,restauracja,yes,,,,,
budynki szpitali i zakładów opieki medycznej,budynki szpitali i zakładów opieki medyczne,Starostwo Powiatowe,government,,,,,
budynki kultury fizycznej,budynki kultury fizycznej,placówka ochrony zdrowia,yes,,,,,
budynki szpitali i zakładów opieki medycznej,budynki szpitali i zakładów opieki medyczne,jednostka ratownictwa medycznego,yes,,,,,
budynki biurowe,budynki biurowe,inny urząd administracji publicznej,government,,,,,
ogólnodostępne obiekty kulturalne,ogólnodostępne budynki kulturalne,budynek wielorodzinny,apartments,,,,,
budynki szpitali i zakładów opieki medycznej,budynki szpitali i zakładów opieki medyczne,szpital,hospital,,,,,
budynki przemysłowe,budynki przemysłowe,straż pożarna,fire_station,,,,,
budynki szkół i instytucji badawczych,budynki szkół i instytucji badawczych,schronisko turystyczne,yes,,,,,
"budynki łączności, dworców i terminali",budynki łączności dworców i terminali,Urząd Celny,yes,,,,,
budynki szkół i instytucji badawczych,budynki szkół i instytucji badawczych,budynek jednorodzinny,house,,,,,
budynki muzeów i bibliotek,muzea lub biblioteki,centrum handlowe,retail,,,,,
budynki przeznaczone do sprawowania kultu religijnego i czynności religijnych,budynki kultu religijnego,dom towarowy lub handlowy,retail,,,,,
budynki szpitali i zakładów opieki medycznej,budynki szpitali i zakładów opieki medyczne,centrum konferencyjne,yes,,,,,
"pozostałe budynki niemieszkalne, gdzie indziej nie wymienione",pozostałe budynki niemieszkalne,placówka badawcza,yes,,,,,
budynki szpitali i zakładów opieki medycznej,budynki szpitali i zakładów opieki medyczne,hospicjum,yes,,,,,
"pozostałe budynki niemieszkalne, gdzie indziej nie wymienione",pozostałe budynki niemieszkalne,garaż,garage,,,,,
"budynki zakwaterowania turystycznego, pozostałe",pozostałe budynki zakwaterowania turystycznego,ośrodek szkoleniowo wypoczynkowy,yes,,,,,
budynki muzeów i bibliotek,muzea lub biblioteki,elewator,yes,,,,,
budynki przeznaczone do sprawowania kultu religijnego i czynności religijnych,budynki kultu religijnego,dom pogrzebowy,yes,,,,,
ogólnodostępne obiekty kulturalne,ogólnodostępne budynki kulturalne,centrum konferencyjne,yes,,,,,
"budynki łączności, dworców i terminali",budynki łączności dworców i terminali,centrum handlowe,comercial,,,,,
budynki biurowe,budynki biurowe,przejście graniczne,yes,,,,,
budynki zbiorowego zamieszkania,budynki zbiorowego zamieszkani,dom opieki społecznej,yes,,,,,
budynki gospodarstw rolnych,budynki gospodarstwa rolnego,silos,,,silo,,,
budynki gospodarstw rolnych,budynki gospodarstwa rolnego,archiwum,yes,,,,,
budynki szpitali i zakładów opieki medycznej,budynki szpitali i zakładów opieki medyczne,dom weselny,yes,,,,,
ogólnodostępne obiekty kulturalne,ogólnodostępne budynki kulturalne,restauracja,yes,,,,,
budynki szpitali i zakładów opieki medycznej,budynki szpitali i zakładów opieki medyczne,budynek wielorodzinny,apartments,,,,,
budynki gospodarstw rolnych,budynki gospodarstwa rolnego,dworzec kolejowy,yes,,,,,
budynki szpitali i zakładów opieki medycznej,budynki szpitali i zakładów opieki medyczne,placówka badawcza,yes,,,,,
budynki szpitali i zakładów opieki medycznej,budynki szpitali i zakładów opieki medyczne,Urząd Miasta,government,,,,,
budynki szkół i instytucji badawczych,budynki szkół i instytucji badawczych,internat,yes,,,,,
ogólnodostępne obiekty kulturalne,ogólnodostępne budynki kulturalne,stacja nadawcza radia i telewizji,yes,,,,,
budynki biurowe,budynki biurowe,placówka dyplomatyczna lub konsularna,yes,,,,,
budynki przemysłowe,budynki przemysłowe,bank,yes,,,,,
"zbiorniki, silosy i budynki magazynowe","zbiorniki, silosy lub budynki magazynowe",Urząd Wojewódzki,government,,,,,
"budynki łączności, dworców i terminali",budynki łączności dworców i terminali,apteka,yes,,,,,
budynki szpitali i zakładów opieki medycznej,budynki szpitali i zakładów opieki medyczne,przedszkole,yes,kindergarten,,,,
budynki szkół i instytucji badawczych,budynki szkół i instytucji badawczych,teatr,yes,,,,,
budynki szkół i instytucji badawczych,budynki szkół i instytucji badawczych,warsztat remontowo-naprawczy,yes,,,,,
budynki szpitali i zakładów opieki medycznej,budynki szpitali i zakładów opieki medyczne,inny urząd administracji publicznej,public,,,,,
"zbiorniki, silosy i budynki magazynowe","zbiorniki, silosy lub budynki magazynowe",straż pożarna,yes,,,,,
budynki muzeów i bibliotek,muzea lub biblioteki,budynek wielorodzinny,apartments,,,,,
budynki muzeów i bibliotek,muzea lub biblioteki,placówka dyplomatyczna lub konsularna,government,,,,,
budynki kultury fizycznej,budynki kultury fizycznej,pływalnia,yes,,,,,
budynki przemysłowe,budynki przemysłowe,produkcyjny,industrial,,,,,
"obiekty budowlane wpisane do rejestru zabytków i objęte indywidualną ochroną konserwatorską oraz nieruchome, archeologiczne dobra kultury",budynek zabytkowy,budynki cmentarne,yes,,,,yes,
budynki gospodarstw rolnych,budynki gospodarstwa rolnego,wiatrak,yes,,,,,
budynki przeznaczone do sprawowania kultu religijnego i czynności religijnych,budynki kultu religijnego,placówka operatora pocztowego,yes,,,,,
budynki kultury fizycznej,budynki kultury fizycznej,klub sportowy,yes,,,,,
budynki biurowe,budynki biurowe,centrum konferencyjne,yes,,,,,
budynki gospodarstw rolnych,budynki gospodarstwa rolnego,policja,yes,,,,,
budynki garaży,garaże,stacja obsługi pojazdów,garage,vehicle_inspection,,,,
budynki przemysłowe,budynki przemysłowe,pensjonat,yes,,,,,guest_house
budynki biurowe,budynki biurowe,Urząd Wojewódzki,government,,,,,
ogólnodostępne obiekty kulturalne,ogólnodostępne budynki kulturalne,opera,yes,,,,,
budynki gospodarstw rolnych,budynki gospodarstwa rolnego,"",yes,,,,,
budynki kultury fizycznej,budynki kultury fizycznej,szkoła podstawowa,school,school,,,,
"pozostałe budynki niemieszkalne, gdzie indziej nie wymienione",pozostałe budynki niemieszkalne,zakład karny lub poprawczy,yes,,,,,
budynki szkół i instytucji badawczych,budynki szkół i instytucji badawczych,centrum konferencyjne,yes,,,,,
budynki przeznaczone do sprawowania kultu religijnego i czynności religijnych,budynki kultu religijnego,budynek gospodarczy,warehouse,,,,,
budynki garaży,garaże,inny urząd administracji publicznej,garage,,,,,
budynki hoteli,budynki hoteli,hotel,hotel,,,,,
budynki szkół i instytucji badawczych,budynki szkół i instytucji badawczych,obserwatorium lub planetarium,yes,,,,,
"zbiorniki, silosy i budynki magazynowe","zbiorniki, silosy lub budynki magazynowe",zbiornik na gaz,,,storage_tank,,,
budynki kultury fizycznej,budynki kultury fizycznej,"",yes,,,,,
budynki zbiorowego zamieszkania,budynki zbiorowego zamieszkani,bursa szkolna,dormitory,,,,,
"budynki łączności, dworców i terminali",budynki łączności dworców i terminali,budynek kontroli ruchu powietrznego,yes,,,,,
budynki o dwóch mieszkaniach,budynki o dwóch mieszkaniach,budynek o dwóch mieszkaniach,house,,,,,
"pozostałe budynki niemieszkalne, gdzie indziej nie wymienione",pozostałe budynki niemieszkalne,areszt śledczy,yes,,,,,
budynki szkół i instytucji badawczych,budynki szkół i instytucji badawczych,stacja obsługi pojazdów,garage,vehicle_inspection,,,,
budynki handlowo-usługowe,budynki handlowo-usługowe,prokuratura,yes,,,,,
budynki przeznaczone do sprawowania kultu religijnego i czynności religijnych,budynki kultu religijnego,apteka,yes,,,,,
ogólnodostępne obiekty kulturalne,ogólnodostępne budynki kulturalne,dom opieki społecznej,yes,,,,,
"obiekty budowlane wpisane do rejestru zabytków i objęte indywidualną ochroną konserwatorską oraz nieruchome, archeologiczne dobra kultury",budynek zabytkowy,siedziba firmy lub firm,yes,,,,yes,
"budynki zakwaterowania turystycznego, pozostałe",pozostałe budynki zakwaterowania turystycznego,domek kempingowy,yes,,,,,chalet
budynki szkół i instytucji badawczych,budynki szkół i instytucji badawczych,zakład poprawczy,yes,,,,,
budynki kultury fizycznej,budynki kultury fizycznej,dom kultury,yes,,,,,
budynki biurowe,budynki biurowe,dom rekolekcyjny,yes,,,,,
budynki muzeów i bibliotek,muzea lub biblioteki,restauracja,yes,,,,,
budynki szkół i instytucji badawczych,budynki szkół i instytucji badawczych,pawilon handlowo-usługowy,retail,,,,,
budynki zbiorowego zamieszkania,budynki zbiorowego zamieszkani,placówka opiekuńczo-wychowawcza,yes,,,,,
budynki gospodarstw rolnych,budynki gospodarstwa rolnego,stacja obsługi pojazdów,garage,vehicle_inspection,,,,
"budynki zakwaterowania turystycznego, pozostałe",pozostałe budynki zakwaterowania turystycznego,schronisko turystyczne,yes,,,,,alpine_hut
"zbiorniki, silosy i budynki magazynowe","zbiorniki, silosy lub budynki magazynowe",warsztat remontowo-naprawczy,yes,,,,,
budynki kultury fizycznej,budynki kultury fizycznej,apteka,yes,,,,,
"pozostałe budynki niemieszkalne, gdzie indziej nie wymienione",pozostałe budynki niemieszkalne,stacja pomp,service,,,,,
budynki biurowe,budynki biurowe,dom wypoczynkowy,hotel,,,,,
budynki zbiorowego zamieszkania,budynki zbiorowego zamieszkani,dom dla bezdomnych,yes,,,,,
ogólnodostępne obiekty kulturalne,ogólnodostępne budynki kulturalne,"klub, dyskoteka",yes,,,,,
budynki szpitali i zakładów opieki medycznej,budynki szpitali i zakładów opieki medyczne,placówka opiekuńczo-wychowawcza,yes,,,,,
budynki gospodarstw rolnych,budynki gospodarstwa rolnego,apteka,yes,,,,,
budynki przeznaczone do sprawowania kultu religijnego i czynności religijnych,budynki kultu religijnego,dom zakonny,monastery,,,,,
budynki mieszkalne jednorodzinne,budynki mieszkalne jednorodzinne,dom letniskowy,bungalow,,,,,
budynki szpitali i zakładów opieki medycznej,budynki szpitali i zakładów opieki medyczne,stacja sanitarno-epidemiologiczna,yes,,,,,
budynki gospodarstw rolnych,budynki gospodarstwa rolnego,galeria sztuki,yes,,,,,
budynki zbiorowego zamieszkania,budynki zbiorowego zamieszkani,rezydencja biskupia,yes,,,,,
budynki handlowo-usługowe,budynki handlowo-usługowe,straż pożarna,fire_station,,,,,
budynki muzeów i bibliotek,muzea lub biblioteki,budynek o dwóch mieszkaniach,house,,,,,
budynki biurowe,budynki biurowe,hotel,hotel,,,,,
"obiekty budowlane wpisane do rejestru zabytków i objęte indywidualną ochroną konserwatorską oraz nieruchome, archeologiczne dobra kultury",budynek zabytkowy,kościół,church,,,,yes,
budynki zbiorowego zamieszkania,budynki zbiorowego zamieszkani,koszary,yes,,,,,
budynki przemysłowe,budynki przemysłowe,elektrownia,industrial,,,,,
budynki szpitali i zakładów opieki medycznej,budynki szpitali i zakładów opieki medyczne,dom dziecka,yes,,,,,
budynki przemysłowe,budynki przemysłowe,młyn,yes,,,,,
budynki garaży,garaże,parking wielopoziomowy,parking,,,,,
"budynki łączności, dworców i terminali",budynki łączności dworców i terminali,bank,yes,,,,,
budynki szkół i instytucji badawczych,budynki szkół i instytucji badawczych,hala widowiskowa,yes,,,,,
budynki handlowo-usługowe,budynki handlowo-usługowe,budynek jednorodzinny,house,,,,,
budynki szpitali i zakładów opieki medycznej,budynki szpitali i zakładów opieki medyczne,placówka ochrony zdrowia,yes,,,,,
budynki mieszkalne jednorodzinne,budynki mieszkalne jednorodzinne,leśniczówka,yes,,,,,
budynki szkół i instytucji badawczych,budynki szkół i instytucji badawczych,straż pożarna,fire_station,,,,,
budynki szkół i instytucji badawczych,budynki szkół i instytucji badawczych,inny urząd administracji publicznej,public,,,,,
"budynki łączności, dworców i terminali",budynki łączności dworców i terminali,hangar,hangar,,,,,
budynki kultury fizycznej,budynki kultury fizycznej,kręgielnia,yes,,,,,
"budynki zakwaterowania turystycznego, pozostałe",pozostałe budynki zakwaterowania turystycznego,dom rekolekcyjny,yes,,,,,
"zbiorniki, silosy i budynki magazynowe","zbiorniki, silosy lub budynki magazynowe",placówka operatora pocztowego,yes,,,,,
"budynki zakwaterowania turystycznego, pozostałe",pozostałe budynki zakwaterowania turystycznego,dom weselny,yes,,,,,
"pozostałe budynki niemieszkalne, gdzie indziej nie wymienione",pozostałe budynki niemieszkalne,placówka opiekuńczo-wychowawcza,yes,,,,,
ogólnodostępne obiekty kulturalne,ogólnodostępne budynki kulturalne,straż pożarna,fire_station,,,,,
budynki kultury fizycznej,budynki kultury fizycznej,schronisko turystyczne,yes,,,,,alpine_hut
budynki szpitali i zakładów opieki medycznej,budynki szpitali i zakładów opieki medyczne,placówka dyplomatyczna lub konsularna,yes,,,,,
budynki przemysłowe,budynki przemysłowe,elektrociepłownia,yes,,,,,
"budynki łączności, dworców i terminali",budynki łączności dworców i terminali,budynek kontroli ruchu kolejowego,yes,,,,,
budynki szpitali i zakładów opieki medycznej,budynki szpitali i zakładów opieki medyczne,warsztat remontowo-naprawczy,yes,,,,,
budynki szkół i instytucji badawczych,budynki szkół i instytucji badawczych,Starostwo Powiatowe,government,,,,,
ogólnodostępne obiekty kulturalne,ogólnodostępne budynki kulturalne,bank,yes,,,,,
ogólnodostępne obiekty kulturalne,ogólnodostępne budynki kulturalne,kasyno,yes,,,,,
budynki muzeów i bibliotek,muzea lub biblioteki,inny urząd administracji publicznej,government,,,,,
budynki garaży,garaże,siedziba firmy lub firm,yes,,,,,
budynki szpitali i zakładów opieki medycznej,budynki szpitali i zakładów opieki medyczne,siedziba firmy lub firm,yes,,,,,
"zbiorniki, silosy i budynki magazynowe","zbiorniki, silosy lub budynki magazynowe",restauracja,yes,,,,,
"obiekty budowlane wpisane do rejestru zabytków i objęte indywidualną ochroną konserwatorską oraz nieruchome, archeologiczne dobra kultury",budynek zabytkowy,apteka,yes,,,,yes,
budynki kultury fizycznej,budynki kultury fizycznej,placówka opiekuńczo-wychowawcza,yes,,,,,
budynki przeznaczone do sprawowania kultu religijnego i czynności religijnych,budynki kultu religijnego,budynki cmentarne,yes,,,,,
budynki zbiorowego zamieszkania,budynki zbiorowego zamieszkani,dom parafialny,yes,,,,,
budynki szkół i instytucji badawczych,budynki szkół i instytucji badawczych,klasztor,yes,,,,,
budynki szkół i instytucji badawczych,budynki szkół i instytucji badawczych,dom parafialny,yes,,,,,
budynki przemysłowe,"","",yes,,,,,
"obiekty budowlane wpisane do rejestru zabytków i objęte indywidualną ochroną konserwatorską oraz nieruchome, archeologiczne dobra kultury",budynek zabytkowy,szkoła wyższa,university,,,,yes,
budynki gospodarstw rolnych,budynki gospodarstwa rolnego,placówka ochrony zdrowia,yes,,,,,
budynki muzeów i bibliotek,muzea lub biblioteki,teatr,yes,,,,,
"pozostałe budynki niemieszkalne, gdzie indziej nie wymienione",pozostałe budynki niemieszkalne,restauracja,yes,,,,,
budynki szpitali i zakładów opieki medycznej,budynki szpitali i zakładów opieki medyczne,archiwum,yes,,,,,
budynki szpitali i zakładów opieki medycznej,budynki szpitali i zakładów opieki medyczne,dom kultury,yes,,,,,
"zbiorniki, silosy i budynki magazynowe","zbiorniki, silosy lub budynki magazynowe",chłodnia,yes,,,,,
budynki biurowe,budynki biurowe,dom dziecka,yes,,,,,
budynki gospodarstw rolnych,budynki gospodarstwa rolnego,ujeżdżalnia,stable,,,horse_riding,,
budynki garaży,garaże,bank,yes,,,,,
ogólnodostępne obiekty kulturalne,ogólnodostępne budynki kulturalne,inny urząd administracji publicznej,government,,,,,
budynki muzeów i bibliotek,muzea lub biblioteki,"klub, dyskoteka",yes,,,,,
budynki szpitali i zakładów opieki medycznej,budynki szpitali i zakładów opieki medyczne,garaż,garage,,,,,
"zbiorniki, silosy i budynki magazynowe","zbiorniki, silosy lub budynki magazynowe",produkcyjny,industrial,,,,,
budynki gospodarstw rolnych,budynki gospodarstwa rolnego,dom towarowy lub handlowy,retail,,,,,
budynki muzeów i bibliotek,muzea lub biblioteki,hotel,hotel,,,,,
"zbiorniki, silosy i budynki magazynowe","zbiorniki, silosy lub budynki magazynowe",zbiornik na ciecz,,,storage_tank,,,
budynki szkół i instytucji badawczych,budynki szkół i instytucji badawczych,magazyn,warehouse,,,,,
budynki kultury fizycznej,budynki kultury fizycznej,pensjonat,hotel,,,,,
budynki szpitali i zakładów opieki medycznej,budynki szpitali i zakładów opieki medyczne,produkcyjny,industrial,,,,,
budynki gospodarstw rolnych,budynki gospodarstwa rolnego,budynek wielorodzinny,apartments,,,,,
budynki muzeów i bibliotek,muzea lub biblioteki,apteka,yes,,,,,
"pozostałe budynki niemieszkalne, gdzie indziej nie wymienione",pozostałe budynki niemieszkalne,inny urząd administracji publicznej,public,,,,,
budynki gospodarstw rolnych,budynki gospodarstwa rolnego,klub sportowy,yes,,,,,
budynki szpitali i zakładów opieki medycznej,budynki szpitali i zakładów opieki medyczne,pensjonat,yes,,,,,guest_house
budynki handlowo-usługowe,budynki handlowo-usługowe,inny urząd administracji publicznej,retail,,,,,
budynki szpitali i zakładów opieki medycznej,budynki szpitali i zakładów opieki medyczne,apteka,yes,,,,,
budynki szpitali i zakładów opieki medycznej,budynki szpitali i zakładów opieki medyczne,budynek jednorodzinny,house,,,,,
ogólnodostępne obiekty kulturalne,ogólnodostępne budynki kulturalne,parking wielopoziomowy,parking,,,,,
budynki kultury fizycznej,budynki kultury fizycznej,bank,yes,,,,,
"zbiorniki, silosy i budynki magazynowe","zbiorniki, silosy lub budynki magazynowe",elewator,,,silo,,,
budynki przeznaczone do sprawowania kultu religijnego i czynności religijnych,budynki kultu religijnego,ośrodek opieki społecznej,yes,,,,,
ogólnodostępne obiekty kulturalne,ogólnodostępne budynki kulturalne,teatr,yes,,,,,
budynki zbiorowego zamieszkania,budynki zbiorowego zamieszkani,zakład poprawczy,yes,,,,,
"pozostałe budynki niemieszkalne, gdzie indziej nie wymienione",pozostałe budynki niemieszkalne,stacja gazowa,service,,,,,
budynki kultury fizycznej,budynki kultury fizycznej,hala widowiskowa,yes,,,,,
budynki biurowe,budynki biurowe,ministerstwo,government,,,,,
budynki handlowo-usługowe,budynki handlowo-usługowe,sąd,government,,,,,
budynki szpitali i zakładów opieki medycznej,budynki szpitali i zakładów opieki medyczne,dworzec autobusowy,yes,,,,,
"pozostałe budynki niemieszkalne, gdzie indziej nie wymienione",pozostałe budynki niemieszkalne,magazyn,warehouse,,,,,
budynki szkół i instytucji badawczych,budynki szkół i instytucji badawczych,dom zakonny,yes,,,,,
budynki szkół i instytucji badawczych,budynki szkół i instytucji badawczych,placówka opiekuńczo-wychowawcza,yes,,,,,
budynki muzeów i bibliotek,muzea lub biblioteki,dom opieki społecznej,yes,,,,,
"obiekty budowlane wpisane do rejestru zabytków i objęte indywidualną ochroną konserwatorską oraz nieruchome, archeologiczne dobra kultury",budynek zabytkowy,muzeum,yes,,,,yes,
"pozostałe budynki niemieszkalne, gdzie indziej nie wymienione",pozostałe budynki niemieszkalne,produkcyjny,industrial,,,,,
budynki muzeów i bibliotek,muzea lub biblioteki,budynek jednorodzinny,house,,,,,
budynki mieszkalne jednorodzinne,budynki mieszkalne jednorodzinne,budynek jednorodzinny,house,,,,,
budynki garaży,garaże,restauracja,yes,,,,,
"budynki łączności, dworców i terminali",budynki łączności dworców i terminali,zajezdnia autobusowa,yes,,,,,
budynki biurowe,budynki biurowe,Urząd Gminy,government,,,,,
budynki gospodarstw rolnych,budynki gospodarstwa rolnego,straż pożarna,fire_station,,,,,
budynki muzeów i bibliotek,muzea lub biblioteki,dom towarowy lub handlowy,retail,,,,,
"pozostałe budynki niemieszkalne, gdzie indziej nie wymienione",pozostałe budynki niemieszkalne,budynek jednorodzinny,house,,,,,
budynki zbiorowego zamieszkania,budynki zbiorowego zamieszkani,klasztor,yes,,,,,
budynki szpitali i zakładów opieki medycznej,budynki szpitali i zakładów opieki medyczne,stacja paliw,yes,,,,,
ogólnodostępne obiekty kulturalne,ogólnodostępne budynki kulturalne,kotłownia,service,,,,,
"zbiorniki, silosy i budynki magazynowe","zbiorniki, silosy lub budynki magazynowe",centrum handlowe,retail,,,,,
"zbiorniki, silosy i budynki magazynowe","zbiorniki, silosy lub budynki magazynowe",policja,yes,,,,,
budynki szpitali i zakładów opieki medycznej,budynki szpitali i zakładów opieki medyczne,klinika weterynaryjna,yes,,,,,
budynki handlowo-usługowe,budynki handlowo-usługowe,stacja paliw,yes,,,,,
budynki garaży,garaże,garaż,garage,,,,,
budynki muzeów i bibliotek,muzea lub biblioteki,hala widowiskowa,yes,,,,,
budynki handlowo-usługowe,budynki handlowo-usługowe,placówka opiekuńczo-wychowawcza,yes,,,,,
budynki szkół i instytucji badawczych,budynki szkół i instytucji badawczych,budynek o dwóch mieszkaniach,house,,,,,
budynki przeznaczone do sprawowania kultu religijnego i czynności religijnych,budynki kultu religijnego,dom kultury,yes,,,,,
budynki biurowe,budynki biurowe,motel,yes,,,,,motel
budynki przemysłowe,budynki przemysłowe,budynek wielorodzinny,apartments,,,,,
budynki przeznaczone do sprawowania kultu religijnego i czynności religijnych,budynki kultu religijnego,teatr,yes,,,,,
budynki muzeów i bibliotek,muzea lub biblioteki,Urząd Gminy,government,,,,,
budynki kultury fizycznej,budynki kultury fizycznej,hala sportowa,yes,,,,,
budynki muzeów i bibliotek,muzea lub biblioteki,warsztat remontowo-naprawczy,yes,,,,,
budynki przemysłowe,budynki przemysłowe,dom dla bezdomnych,yes,,,,,
budynki kultury fizycznej,budynki kultury fizycznej,siedziba firmy lub firm,yes,,,,,
budynki hoteli,budynki hoteli,motel,hotel,,,,,
budynki gospodarstw rolnych,budynki gospodarstwa rolnego,muzeum,yes,,,,,
budynki gospodarstw rolnych,budynki gospodarstwa rolnego,szkoła podstawowa,school,,,,,
ogólnodostępne obiekty kulturalne,ogólnodostępne budynki kulturalne,motel,yes,,,,,motel
budynki muzeów i bibliotek,muzea lub biblioteki,siedziba firmy lub firm,yes,,,,,
budynki handlowo-usługowe,budynki handlowo-usługowe,centrum handlowe,retail,,,,,
budynki szkół i instytucji badawczych,budynki szkół i instytucji badawczych,motel,yes,,,,,motel
budynki szkół i instytucji badawczych,budynki szkół i instytucji badawczych,"",yes,,,,,
"zbiorniki, silosy i budynki magazynowe","zbiorniki, silosy lub budynki magazynowe",kotłownia,service,,,,,
budynki przemysłowe,budynki przemysłowe,budynek o dwóch mieszkaniach,house,,,,,
"budynki łączności, dworców i terminali",budynki łączności dworców i terminali,latarnia morska,yes,,,,,
budynki szkół i instytucji badawczych,budynki szkół i instytucji badawczych,Urząd Miasta i Gminy,government,,,,,
budynki przemysłowe,budynki przemysłowe,spalarnia śmieci,yes,,,,,
budynki muzeów i bibliotek,muzea lub biblioteki,koszary,yes,,,,,
budynki szkół i instytucji badawczych,budynki szkół i instytucji badawczych,apteka,yes,,,,,
budynki szkół i instytucji badawczych,budynki szkół i instytucji badawczych,restauracja,yes,,,,,
budynki szkół i instytucji badawczych,budynki szkół i instytucji badawczych,szkoła ponadpodstawowa,school,,,,,
budynki garaży,garaże,lokomotywownia lub wagonownia,industrial,,,,,
budynki szpitali i zakładów opieki medycznej,budynki szpitali i zakładów opieki medyczne,policja,yes,,,,,
budynki szkół i instytucji badawczych,budynki szkół i instytucji badawczych,galeria sztuki,yes,,,,,
budynki przemysłowe,budynki przemysłowe,ośrodek szkoleniowo wypoczynkowy,yes,,,,,
budynki szkół i instytucji badawczych,budynki szkół i instytucji badawczych,dom dla bezdomnych,yes,,,,,
budynki kultury fizycznej,budynki kultury fizycznej,restauracja,yes,,,,,
budynki gospodarstw rolnych,budynki gospodarstwa rolnego,hipermarket lub supermarket,retail,,,,,
budynki szkół i instytucji badawczych,budynki szkół i instytucji badawczych,leśniczówka,yes,,,,,
budynki szpitali i zakładów opieki medycznej,budynki szpitali i zakładów opieki medyczne,szkoła ponadpodstawowa,school,,,,,
"zbiorniki, silosy i budynki magazynowe","zbiorniki, silosy lub budynki magazynowe",siedziba firmy lub firm,office,,,,,
budynki szpitali i zakładów opieki medycznej,budynki szpitali i zakładów opieki medyczne,izba wytrzeźwień,yes,,,,,
budynki szkół i instytucji badawczych,budynki szkół i instytucji badawczych,dom towarowy lub handlowy,retail,,,,,
budynki o trzech i więcej mieszkaniach,budynki o trzech i więcej mieszkaniach,budynek wielorodzinny,apartments,,,,,
ogólnodostępne obiekty kulturalne,ogólnodostępne budynki kulturalne,filharmonia,yes,,,,,
budynki biurowe,budynki biurowe,policja,yes,,,,,
"obiekty budowlane wpisane do rejestru zabytków i objęte indywidualną ochroną konserwatorską oraz nieruchome, archeologiczne dobra kultury",budynek zabytkowy,teatr,yes,,,,yes,
budynki szkół i instytucji badawczych,budynki szkół i instytucji badawczych,parking wielopoziomowy,parking,,,,,
budynki biurowe,budynki biurowe,hotel robotniczy,hotel,,,,,
"budynki łączności, dworców i terminali",budynki łączności dworców i terminali,budynek jednorodzinny,house,,,,,
budynki kultury fizycznej,budynki kultury fizycznej,szkoła ponadpodstawowa,school,,,,,
budynki przemysłowe,budynki przemysłowe,hotel,hotel,,,,,
"budynki łączności, dworców i terminali",budynki łączności dworców i terminali,centrum telekomunikacyjne,yes,,,,,
budynki hoteli,budynki hoteli,budynek jednorodzinny,house,,,,,
ogólnodostępne obiekty kulturalne,ogólnodostępne budynki kulturalne,hala widowiskowa,yes,,,,,
budynki zbiorowego zamieszkania,budynki zbiorowego zamieszkani,internat,yes,,,,,
"zbiorniki, silosy i budynki magazynowe","zbiorniki, silosy lub budynki magazynowe",hotel,yes,,,,,
budynki hoteli,budynki hoteli,budynek o dwóch mieszkaniach,house,,,,,
budynki handlowo-usługowe,budynki handlowo-usługowe,pawilon handlowo-usługowy,retail,,,,,
budynki szpitali i zakładów opieki medycznej,budynki szpitali i zakładów opieki medyczne,klasztor,yes,,,,,
budynki przemysłowe,budynki przemysłowe,rafineria,industrial,,,,,
budynki biurowe,budynki biurowe,ośrodek szkoleniowo wypoczynkowy,hotel,,,,,
budynki biurowe,budynki biurowe,dom opieki społecznej,yes,,,,,
"budynki zakwaterowania turystycznego, pozostałe",pozostałe budynki zakwaterowania turystycznego,budynek jednorodzinny,house,,,,,
budynki szkół i instytucji badawczych,budynki szkół i instytucji badawczych,siedziba firmy lub firm,office,,,,,
budynki handlowo-usługowe,budynki handlowo-usługowe,rezydencja ambasadora,yes,,,,,
budynki przeznaczone do sprawowania kultu religijnego i czynności religijnych,budynki kultu religijnego,pawilon handlowo-usługowy,yes,,,,,
budynki muzeów i bibliotek,muzea lub biblioteki,produkcyjny,industrial,,,,,
budynki przemysłowe,budynki przemysłowe,dom towarowy lub handlowy,retail,,,,,
budynki kultury fizycznej,budynki kultury fizycznej,strzelnica,yes,,,,,
"budynki łączności, dworców i terminali",budynki łączności dworców i terminali,budynek o dwóch mieszkaniach,yes,,,,,
budynki szkół i instytucji badawczych,budynki szkół i instytucji badawczych,szkoła podstawowa,school,,,,,
budynki gospodarstw rolnych,budynki gospodarstwa rolnego,garaż,garage,,,,,
budynki szkół i instytucji badawczych,budynki szkół i instytucji badawczych,szkoła wyższa,university,,,,,
budynki szkół i instytucji badawczych,budynki szkół i instytucji badawczych,budynek ogrodu zoo lub botanicznego,yes,,,,,
budynki hoteli,budynki hoteli,bursa szkolna,yes,,,,,
budynki hoteli,budynki hoteli,zajazd,hotel,,,,,
budynki hoteli,budynki hoteli,dom letniskowy,cabin,,,,,
"pozostałe budynki niemieszkalne, gdzie indziej nie wymienione",pozostałe budynki niemieszkalne,szkoła ponadpodstawowa,school,,,,,
budynki kultury fizycznej,budynki kultury fizycznej,magazyn,warehouse,,,,,
"pozostałe budynki niemieszkalne, gdzie indziej nie wymienione",pozostałe budynki niemieszkalne,stacja transformatorowa,service,,,,,
budynki przemysłowe,budynki przemysłowe,warsztat remontowo-naprawczy,yes,,,,,
"pozostałe budynki niemieszkalne, gdzie indziej nie wymienione",pozostałe budynki niemieszkalne,ośrodek opieki społecznej,yes,,,,,
budynki biurowe,budynki biurowe,budynek o dwóch mieszkaniach,yes,,,,,
budynki biurowe,budynki biurowe,dom parafialny,yes,,,,,
"budynki łączności, dworców i terminali",budynki łączności dworców i terminali,dworzec kolejowy,yes,,,,,
budynki szkół i instytucji badawczych,budynki szkół i instytucji badawczych,przedszkole,kindergarten,,,,,
budynki handlowo-usługowe,budynki handlowo-usługowe,Urząd Celny,yes,,,,,
budynki szpitali i zakładów opieki medycznej,budynki szpitali i zakładów opieki medyczne,pawilon handlowo-usługowy,retail,,,,,
budynki przeznaczone do sprawowania kultu religijnego i czynności religijnych,budynki kultu religijnego,dom rekolekcyjny,yes,,,,,
budynki zbiorowego zamieszkania,budynki zbiorowego zamieszkani,zakład karny,yes,,,,,
budynki szpitali i zakładów opieki medycznej,budynki szpitali i zakładów opieki medyczne,ośrodek opieki społecznej,yes,,,,,
budynki szkół i instytucji badawczych,budynki szkół i instytucji badawczych,stacja meteorologiczna,yes,,,,,
budynki gospodarstw rolnych,budynki gospodarstwa rolnego,dom kultury,yes,,,,,
ogólnodostępne obiekty kulturalne,ogólnodostępne budynki kulturalne,budynek o dwóch mieszkaniach,yes,,,,,
budynki przemysłowe,budynki przemysłowe,pawilon handlowo-usługowy,retail,,,,,
budynki kultury fizycznej,budynki kultury fizycznej,korty tenisowe,yes,,,,,
budynki muzeów i bibliotek,muzea lub biblioteki,policja,yes,,,,,
"zbiorniki, silosy i budynki magazynowe","zbiorniki, silosy lub budynki magazynowe",pawilon handlowo-usługowy,comercial,,,,,
budynki muzeów i bibliotek,muzea lub biblioteki,Urząd Miasta,government,,,,,
"budynki zakwaterowania turystycznego, pozostałe",pozostałe budynki zakwaterowania turystycznego,dom parafialny,yes,,,,,
budynki szpitali i zakładów opieki medycznej,budynki szpitali i zakładów opieki medyczne,żłobek,yes,,,,,
budynki szpitali i zakładów opieki medycznej,budynki szpitali i zakładów opieki medyczne,stacja krwiodawstwa,yes,,,,,
budynki zbiorowego zamieszkania,budynki zbiorowego zamieszkani,dom dziecka,yes,,,,,
"budynki łączności, dworców i terminali",budynki łączności dworców i terminali,zajezdnia tramwajowa,yes,,,,,
budynki biurowe,budynki biurowe,pensjonat,yes,,,,,guest_house
budynki muzeów i bibliotek,muzea lub biblioteki,dom weselny,yes,,,,,
budynki handlowo-usługowe,budynki handlowo-usługowe,hipermarket lub supermarket,supermarket,,,,,
budynki handlowo-usługowe,budynki handlowo-usługowe,zajazd,yes,,,,,motel
"zbiorniki, silosy i budynki magazynowe","zbiorniki, silosy lub budynki magazynowe",hipermarket lub supermarket,retail,,,,,
budynki przeznaczone do sprawowania kultu religijnego i czynności religijnych,budynki kultu religijnego,budynek jednorodzinny,house,,,,,
"budynki zakwaterowania turystycznego, pozostałe",pozostałe budynki zakwaterowania turystycznego,dom opieki społecznej,yes,,,,,
"pozostałe budynki niemieszkalne, gdzie indziej nie wymienione",pozostałe budynki niemieszkalne,placówka ochrony zdrowia,yes,,,,,
budynki gospodarstw rolnych,budynki gospodarstwa rolnego,warsztat remontowo-naprawczy,yes,,,,,
budynki muzeów i bibliotek,muzea lub biblioteki,Urząd Miasta i Gminy,government,,,,,
ogólnodostępne obiekty kulturalne,ogólnodostępne budynki kulturalne,stacja paliw,yes,,,,,
budynki szkół i instytucji badawczych,budynki szkół i instytucji badawczych,archiwum,yes,,,,,
budynki szkół i instytucji badawczych,budynki szkół i instytucji badawczych,dom opieki społecznej,yes,,,,,
"pozostałe budynki niemieszkalne, gdzie indziej nie wymienione",pozostałe budynki niemieszkalne,pawilon handlowo-usługowy,retail,,,,,
budynki gospodarstw rolnych,budynki gospodarstwa rolnego,przedszkole,yes,,,,,
budynki szkół i instytucji badawczych,budynki szkół i instytucji badawczych,bank,yes,,,,,
budynki szkół i instytucji badawczych,budynki szkół i instytucji badawczych,policja,yes,,,,,
budynki szkół i instytucji badawczych,budynki szkół i instytucji badawczych,pensjonat,yes,,,,,guest_house
budynki gospodarstw rolnych,budynki gospodarstwa rolnego,placówka operatora pocztowego,yes,,,,,
budynki gospodarstw rolnych,budynki gospodarstwa rolnego,pensjonat,yes,,,,,
budynki muzeów i bibliotek,muzea lub biblioteki,galeria sztuki,yes,,,,,
budynki przemysłowe,budynki przemysłowe,parking wielopoziomowy,parking,,,,,
budynki szkół i instytucji badawczych,budynki szkół i instytucji badawczych,dom wypoczynkowy,yes,,,,,guest_house
ogólnodostępne obiekty kulturalne,ogólnodostępne budynki kulturalne,hotel,hotel,,,,,
budynki biurowe,budynki biurowe,placówka operatora pocztowego,yes,,,,,
"budynki zakwaterowania turystycznego, pozostałe",pozostałe budynki zakwaterowania turystycznego,dom wypoczynkowy,yes,,,,,guest_house
budynki szkół i instytucji badawczych,budynki szkół i instytucji badawczych,muzeum,yes,,,,,
budynki szpitali i zakładów opieki medycznej,budynki szpitali i zakładów opieki medyczne,"klub, dyskoteka",yes,,,,,
budynki kultury fizycznej,budynki kultury fizycznej,hangar,hangar,,,,,
budynki biurowe,budynki biurowe,prokuratura,yes,,,,,
budynki biurowe,budynki biurowe,dom dla bezdomnych,yes,,,,,
budynki gospodarstw rolnych,budynki gospodarstwa rolnego,stajnia,stable,,,,,
budynki muzeów i bibliotek,muzea lub biblioteki,dworzec autobusowy,yes,,,,,
ogólnodostępne obiekty kulturalne,ogólnodostępne budynki kulturalne,magazyn,warehouse,,,,,
budynki biurowe,budynki biurowe,dom weselny,yes,,,,,
budynki gospodarstw rolnych,budynki gospodarstwa rolnego,dom letniskowy,yes,,,,,
budynki garaży,garaże,budynek jednorodzinny,garage,,,,,
budynki przemysłowe,budynki przemysłowe,lokomotywownia lub wagonownia,yes,,,,,
budynki o dwóch mieszkaniach,budynki o dwóch mieszkaniach,budynek jednorodzinny,house,,,,,
budynki kultury fizycznej,budynki kultury fizycznej,straż pożarna,fire_station,,,,,
"zbiorniki, silosy i budynki magazynowe","zbiorniki, silosy lub budynki magazynowe",budynek jednorodzinny,yes,,,,,
ogólnodostępne obiekty kulturalne,ogólnodostępne budynki kulturalne,pawilon handlowo-usługowy,retail,,,,,
budynki gospodarstw rolnych,budynki gospodarstwa rolnego,szklarnia lub cieplarnia,yes,,,,,
budynki szpitali i zakładów opieki medycznej,budynki szpitali i zakładów opieki medyczne,dom opieki społecznej,yes,,,,,
"pozostałe budynki niemieszkalne, gdzie indziej nie wymienione",pozostałe budynki niemieszkalne,zakład karny,yes,,,,,
"zbiorniki, silosy i budynki magazynowe","zbiorniki, silosy lub budynki magazynowe",garaż,garage,,,,,
budynki handlowo-usługowe,budynki handlowo-usługowe,budynek o dwóch mieszkaniach,house,,,,,
budynki handlowo-usługowe,budynki handlowo-usługowe,hala targowa,retail,,,,,
budynki biurowe,budynki biurowe,rezydencja biskupia,yes,,,,,
"pozostałe budynki niemieszkalne, gdzie indziej nie wymienione",pozostałe budynki niemieszkalne,warsztat remontowo-naprawczy,yes,,,,,
budynki hoteli,budynki hoteli,budynek wielorodzinny,hotel,,,,,
budynki przeznaczone do sprawowania kultu religijnego i czynności religijnych,budynki kultu religijnego,dom parafialny,yes,,,,,
"budynki łączności, dworców i terminali",budynki łączności dworców i terminali,budynek wielorodzinny,apartments,,,,,
"budynki łączności, dworców i terminali",budynki łączności dworców i terminali,terminal portowy,yes,,,,,
budynki przeznaczone do sprawowania kultu religijnego i czynności religijnych,budynki kultu religijnego,dzwonnica,yes,,,,,
"pozostałe budynki niemieszkalne, gdzie indziej nie wymienione","","",yes,,,,,
budynki o trzech i więcej mieszkaniach,budynki o trzech i więcej mieszkaniach,budynek jednorodzinny,house,,,,,
budynki przemysłowe,budynki przemysłowe,budynek jednorodzinny,house,,,,,
budynki kultury fizycznej,budynki kultury fizycznej,muzeum,yes,,,,,
budynki biurowe,budynki biurowe,Urząd Marszałkowski,government,,,,,
budynki przemysłowe,budynki przemysłowe,stacja obsługi pojazdów,garage,vehicle_inspection,,,,
budynki garaży,garaże,pawilon handlowo-usługowy,garage,,,,,
budynki handlowo-usługowe,budynki handlowo-usługowe,placówka dyplomatyczna lub konsularna,government,,,,,
"budynki łączności, dworców i terminali",budynki łączności dworców i terminali,restauracja,yes,,,,,
budynki biurowe,budynki biurowe,Urząd Celny,yes,,,,,
"budynki łączności, dworców i terminali",budynki łączności dworców i terminali,dworzec autobusowy,yes,,,,,
budynki przeznaczone do sprawowania kultu religijnego i czynności religijnych,budynki kultu religijnego,cerkiew,church,,,,,
"budynki łączności, dworców i terminali",budynki łączności dworców i terminali,stacja kolejki górskiej lub wyciągu krzesełkowego,yes,,,,,
budynki szkół i instytucji badawczych,budynki szkół i instytucji badawczych,kotłownia,service,,,,,
budynki handlowo-usługowe,budynki handlowo-usługowe,Urząd Gminy,government,,,,,
budynki szkół i instytucji badawczych,budynki szkół i instytucji badawczych,dom dziecka,yes,,,,,
ogólnodostępne obiekty kulturalne,ogólnodostępne budynki kulturalne,produkcyjny,industrial,,,,,
ogólnodostępne obiekty kulturalne,ogólnodostępne budynki kulturalne,siedziba firmy lub firm,yes,,,,,
ogólnodostępne obiekty kulturalne,ogólnodostępne budynki kulturalne,dom weselny,yes,,,,,
budynki szkół i instytucji badawczych,budynki szkół i instytucji badawczych,dom kultury,yes,,,,,
"obiekty budowlane wpisane do rejestru zabytków i objęte indywidualną ochroną konserwatorską oraz nieruchome, archeologiczne dobra kultury",budynek zabytkowy,budynek wielorodzinny,apartments,,,,yes,
"budynki łączności, dworców i terminali",budynki łączności dworców i terminali,dom weselny,yes,,,,,
budynki hoteli,budynki hoteli,placówka opiekuńczo-wychowawcza,yes,,,,,
budynki biurowe,budynki biurowe,Starostwo Powiatowe,public,,,,,
budynki szpitali i zakładów opieki medycznej,budynki szpitali i zakładów opieki medyczne,schronisko turystyczne,yes,,,,,alpine_hut
budynki gospodarstw rolnych,budynki gospodarstwa rolnego,restauracja,yes,,,,,
"budynki łączności, dworców i terminali",budynki łączności dworców i terminali,stacja nadawcza radia i telewizji,yes,,,,,
budynki zbiorowego zamieszkania,budynki zbiorowego zamieszkani,rezydencja ambasadora,yes,,,,,
budynki gospodarstw rolnych,budynki gospodarstwa rolnego,biblioteka,yes,,,,,
budynki szkół i instytucji badawczych,budynki szkół i instytucji badawczych,dom studencki,yes,,,,,
ogólnodostępne obiekty kulturalne,ogólnodostępne budynki kulturalne,dom kultury,yes,,,,,
budynki szpitali i zakładów opieki medycznej,budynki szpitali i zakładów opieki medyczne,placówka operatora pocztowego,yes,,,,,
budynki muzeów i bibliotek,muzea lub biblioteki,magazyn,warehouse,,,,,
budynki gospodarstw rolnych,budynki gospodarstwa rolnego,budynek kontroli ruchu kolejowego,yes,,,,,
budynki gospodarstw rolnych,budynki gospodarstwa rolnego,produkcyjny,industrial,,,,,
"budynki łączności, dworców i terminali",budynki łączności dworców i terminali,inny urząd administracji publicznej,public,,,,,
budynki muzeów i bibliotek,muzea lub biblioteki,hipermarket lub supermarket,retail,,,,,
budynki szpitali i zakładów opieki medycznej,budynki szpitali i zakładów opieki medyczne,magazyn,warehouse,,,,,
budynki gospodarstw rolnych,budynki gospodarstwa rolnego,magazyn,warehouse,,,,,
budynki muzeów i bibliotek,muzea lub biblioteki,kino,yes,,,,,
budynki szkół i instytucji badawczych,budynki szkół i instytucji badawczych,Urząd Miasta,government,,,,,
budynki handlowo-usługowe,budynki handlowo-usługowe,dom opieki społecznej,yes,,,,,
budynki muzeów i bibliotek,muzea lub biblioteki,placówka operatora pocztowego,yes,,,,,
ogólnodostępne obiekty kulturalne,ogólnodostępne budynki kulturalne,dom towarowy lub handlowy,retail,,,,,
"budynki łączności, dworców i terminali",budynki łączności dworców i terminali,dworzec lotniczy,yes,,,,,
budynki przeznaczone do sprawowania kultu religijnego i czynności religijnych,budynki kultu religijnego,meczet,mosque,,,,,
budynki handlowo-usługowe,budynki handlowo-usługowe,budynek wielorodzinny,apartments,,,,,
"budynki łączności, dworców i terminali",budynki łączności dworców i terminali,dom opieki społecznej,yes,,,,,
budynki szpitali i zakładów opieki medycznej,budynki szpitali i zakładów opieki medyczne,motel,yes,,,,,motel
budynki szpitali i zakładów opieki medycznej,budynki szpitali i zakładów opieki medyczne,restauracja,yes,,,,,
budynki handlowo-usługowe,budynki handlowo-usługowe,dom wypoczynkowy,yes,,,,,guest_house
budynki handlowo-usługowe,budynki handlowo-usługowe,dom weselny,yes,,,,,
budynki o dwóch mieszkaniach,budynki o dwóch mieszkaniach,leśniczówka,yes,,,,,
budynki gospodarstw rolnych,budynki gospodarstwa rolnego,elektrociepłownia,yes,,,,,
budynki biurowe,budynki biurowe,budynek wielorodzinny,office,,,,,
"pozostałe budynki niemieszkalne, gdzie indziej nie wymienione",pozostałe budynki niemieszkalne,internat,yes,,,,,
budynki muzeów i bibliotek,muzea lub biblioteki,internat,yes,,,,,
budynki biurowe,budynki biurowe,Urząd Miasta i Gminy,government,,,,,
budynki muzeów i bibliotek,muzea lub biblioteki,zajazd,yes,,,,,motel
budynki handlowo-usługowe,budynki handlowo-usługowe,hala wystawowa,yes,,,,,
"zbiorniki, silosy i budynki magazynowe","zbiorniki, silosy lub budynki magazynowe",apteka,yes,,,,,
ogólnodostępne obiekty kulturalne,ogólnodostępne budynki kulturalne,Urząd Miasta i Gminy,government,,,,,
"pozostałe budynki niemieszkalne, gdzie indziej nie wymienione",pozostałe budynki niemieszkalne,muzeum,yes,,,,,
budynki kultury fizycznej,budynki kultury fizycznej,Urząd Miasta i Gminy,government,,,,,
budynki gospodarstw rolnych,budynki gospodarstwa rolnego,stacja paliw,yes,,,,,
ogólnodostępne obiekty kulturalne,"","",yes,,,,,
budynki gospodarstw rolnych,budynki gospodarstwa rolnego,internat,yes,,,,,
budynki szpitali i zakładów opieki medycznej,budynki szpitali i zakładów opieki medyczne,parking wielopoziomowy,parking,,,,,
budynki handlowo-usługowe,budynki handlowo-usługowe,motel,hotel,,,,,
budynki kultury fizycznej,budynki kultury fizycznej,przedszkole,kindergarten,,,,,
budynki hoteli,budynki hoteli,dom weselny,yes,,,,,
budynki handlowo-usługowe,budynki handlowo-usługowe,ośrodek szkoleniowo wypoczynkowy,hotel,,,,,
budynki biurowe,budynki biurowe,Urząd Miasta,government,,,,,
"zbiorniki, silosy i budynki magazynowe","zbiorniki, silosy lub budynki magazynowe",inny urząd administracji publicznej,government,,,,,
"pozostałe budynki niemieszkalne, gdzie indziej nie wymienione",pozostałe budynki niemieszkalne,zabudowania koszarowe,yes,,,,,
"zbiorniki, silosy i budynki magazynowe","zbiorniki, silosy lub budynki magazynowe",budynek spedycji,warehouse,,,,,
"budynki zakwaterowania turystycznego, pozostałe",pozostałe budynki zakwaterowania turystycznego,internat,yes,,,,,
"pozostałe budynki niemieszkalne, gdzie indziej nie wymienione",pozostałe budynki niemieszkalne,klub sportowy,yes,,,,,
budynki szkół i instytucji badawczych,budynki szkół i instytucji badawczych,placówka operatora pocztowego,yes,,,,,
budynki szpitali i zakładów opieki medycznej,budynki szpitali i zakładów opieki medyczne,straż pożarna,fire_station,,,,,
budynki kultury fizycznej,budynki kultury fizycznej,szkoła wyższa,university,,,,,
budynki kultury fizycznej,budynki kultury fizycznej,sala gimnastyczna,yes,,,,,
ogólnodostępne obiekty kulturalne,ogólnodostępne budynki kulturalne,budynek jednorodzinny,house,,,,,
ogólnodostępne obiekty kulturalne,ogólnodostępne budynki kulturalne,placówka opiekuńczo-wychowawcza,yes,,,,,
budynki muzeów i bibliotek,muzea lub biblioteki,młyn,yes,,,,,
"pozostałe budynki niemieszkalne, gdzie indziej nie wymienione",pozostałe budynki niemieszkalne,schronisko dla nieletnich,yes,,,,,
budynki biurowe,budynki biurowe,leśniczówka,yes,,,,,
budynki szkół i instytucji badawczych,budynki szkół i instytucji badawczych,hipermarket lub supermarket,retail,,,,,
budynki muzeów i bibliotek,muzea lub biblioteki,straż pożarna,fire_station,,,,,
budynki szpitali i zakładów opieki medycznej,budynki szpitali i zakładów opieki medyczne,hotel,hotel,,,,,
ogólnodostępne obiekty kulturalne,ogólnodostępne budynki kulturalne,warsztat remontowo-naprawczy,yes,,,,,
budynki przeznaczone do sprawowania kultu religijnego i czynności religijnych,budynki kultu religijnego,muzeum,yes,,,,,
budynki hoteli,budynki hoteli,internat,yes,,,,,
budynki muzeów i bibliotek,muzea lub biblioteki,muzeum,yes,,,,,
budynki przeznaczone do sprawowania kultu religijnego i czynności religijnych,budynki kultu religijnego,restauracja,yes,,,,,
budynki muzeów i bibliotek,muzea lub biblioteki,dom kultury,yes,,,,,
budynki gospodarstw rolnych,budynki gospodarstwa rolnego,budynek jednorodzinny,farmhouse,,,,,
ogólnodostępne obiekty kulturalne,ogólnodostępne budynki kulturalne,schronisko dla zwierząt,yes,,,,,
budynki przemysłowe,budynki przemysłowe,apteka,yes,,,,,
budynki biurowe,budynki biurowe,straż graniczna,yes,,,,,
ogólnodostępne obiekty kulturalne,ogólnodostępne budynki kulturalne,Urząd Gminy,government,,,,,
budynki przeznaczone do sprawowania kultu religijnego i czynności religijnych,budynki kultu religijnego,siedziba firmy lub firm,yes,,,,,
budynki biurowe,budynki biurowe,internat,yes,,,,,
budynki szkół i instytucji badawczych,budynki szkół i instytucji badawczych,stacja hydrologiczna,yes,,,,,
"obiekty budowlane wpisane do rejestru zabytków i objęte indywidualną ochroną konserwatorską oraz nieruchome, archeologiczne dobra kultury",budynek zabytkowy,zabytek bez funkcji użytkowej,yes,,,,yes,
budynki szpitali i zakładów opieki medycznej,budynki szpitali i zakładów opieki medyczne,muzeum,yes,,,,,
budynki o trzech i więcej mieszkaniach,budynki o trzech i więcej mieszkaniach,leśniczówka,yes,,,,,
budynki szkół i instytucji badawczych,budynki szkół i instytucji badawczych,produkcyjny,industrial,,,,,
budynki przeznaczone do sprawowania kultu religijnego i czynności religijnych,budynki kultu religijnego,kaplica,chapel,,,,,
budynki hoteli,budynki hoteli,restauracja,yes,,,,,
budynki kultury fizycznej,budynki kultury fizycznej,dom weselny,yes,,,,,
budynki biurowe,budynki biurowe,placówka opiekuńczo-wychowawcza,yes,,,,,
budynki szkół i instytucji badawczych,budynki szkół i instytucji badawczych,"klub, dyskoteka",yes,,,,,
budynki hoteli,budynki hoteli,pensjonat,hotel,,,,,
budynki muzeów i bibliotek,muzea lub biblioteki,pensjonat,yes,,,,,guest_hause
budynki biurowe,budynki biurowe,budynek jednorodzinny,house,,,,,
budynki przemysłowe,budynki przemysłowe,placówka operatora pocztowego,yes,,,,,
budynki gospodarstw rolnych,budynki gospodarstwa rolnego,hotel,hotel,,,,,
budynki gospodarstw rolnych,budynki gospodarstwa rolnego,siedziba firmy lub firm,yes,,,,,
budynki przeznaczone do sprawowania kultu religijnego i czynności religijnych,budynki kultu religijnego,budynek wielorodzinny,apartments,,,,,
ogólnodostępne obiekty kulturalne,ogólnodostępne budynki kulturalne,placówka dyplomatyczna lub konsularna,government,,,,,
budynki biurowe,budynki biurowe,zajazd,yes,,,,,motel
budynki przemysłowe,budynki przemysłowe,garaż,garage,,,,,
ogólnodostępne obiekty kulturalne,ogólnodostępne budynki kulturalne,policja,yes,,,,,
budynki szpitali i zakładów opieki medycznej,budynki szpitali i zakładów opieki medyczne,szkoła podstawowa,school,,,,,
budynki przeznaczone do sprawowania kultu religijnego i czynności religijnych,budynki kultu religijnego,klasztor,monastery,,,,,
budynki muzeów i bibliotek,muzea lub biblioteki,centrum informacyjne,yes,,,,,
budynki gospodarstw rolnych,budynki gospodarstwa rolnego,budynek produkcyjny zwierząt hodowlanych,sty,,,,,
budynki przemysłowe,budynki przemysłowe,kotłownia,service,,,,,
budynki kultury fizycznej,budynki kultury fizycznej,pawilon handlowo-usługowy,retail,,,,,
budynki muzeów i bibliotek,muzea lub biblioteki,pawilon handlowo-usługowy,retail,,,,,
budynki przeznaczone do sprawowania kultu religijnego i czynności religijnych,budynki kultu religijnego,inny budynek kultu religijnego,yes,,,,,
budynki biurowe,budynki biurowe,sąd,office,,,,,
"budynki łączności, dworców i terminali",budynki łączności dworców i terminali,straż pożarna,fire_station,,,,,
budynki biurowe,budynki biurowe,schronisko turystyczne,yes,,,,,alpine_hut
budynki zbiorowego zamieszkania,budynki zbiorowego zamieszkani,rezydencja prezydencka,government,,,,,
budynki przemysłowe,budynki przemysłowe,Urząd Gminy,government,,,,,
budynki szkół i instytucji badawczych,budynki szkół i instytucji badawczych,biblioteka,yes,,,,,
budynki gospodarstw rolnych,budynki gospodarstwa rolnego,budynek gospodarczy,outbuilding,,,,,
budynki szpitali i zakładów opieki medycznej,budynki szpitali i zakładów opieki medyczne,Urząd Gminy,government,,,,,
"budynki zakwaterowania turystycznego, pozostałe",pozostałe budynki zakwaterowania turystycznego,restauracja,yes,,,,,
"pozostałe budynki niemieszkalne, gdzie indziej nie wymienione",pozostałe budynki niemieszkalne,apteka,yes,,,,,
budynki biurowe,budynki biurowe,straż pożarna,fire_station,,,,,
budynki przeznaczone do sprawowania kultu religijnego i czynności religijnych,budynki kultu religijnego,przedszkole,yes,kindergarten,,,,
budynki przeznaczone do sprawowania kultu religijnego i czynności religijnych,budynki kultu religijnego,krematorium,yes,,,,,
budynki kultury fizycznej,budynki kultury fizycznej,centrum konferencyjne,yes,,,,,
budynki przemysłowe,budynki przemysłowe,restauracja,yes,,,,,
budynki szkół i instytucji badawczych,budynki szkół i instytucji badawczych,placówka badawcza,yes,,,,,
budynki handlowo-usługowe,budynki handlowo-usługowe,bank,yes,,,,,
ogólnodostępne obiekty kulturalne,ogólnodostępne budynki kulturalne,apteka,yes,,,,,
budynki handlowo-usługowe,budynki handlowo-usługowe,stacja obsługi pojazdów,garage,vehicle_inspection,,,,
budynki gospodarstw rolnych,budynki gospodarstwa rolnego,obserwatorium lub planetarium,yes,,,,,
"budynki łączności, dworców i terminali",budynki łączności dworców i terminali,placówka operatora pocztowego,yes,,,,,
"budynki zakwaterowania turystycznego, pozostałe",pozostałe budynki zakwaterowania turystycznego,pensjonat,yes,,,,,guest_house
"zbiorniki, silosy i budynki magazynowe","zbiorniki, silosy lub budynki magazynowe",silos,,,silo,,,
"zbiorniki, silosy i budynki magazynowe","zbiorniki, silosy lub budynki magazynowe",dom towarowy lub handlowy,retail,,,,,
budynki zbiorowego zamieszkania,budynki zbiorowego zamieszkani,dom zakonny,yes,,,,,
budynki o trzech i więcej mieszkaniach,budynki o trzech i więcej mieszkaniach,dom letniskowy,bungalow,,,,,
"budynki łączności, dworców i terminali",budynki łączności dworców i terminali,policja,yes,,,,,
budynki muzeów i bibliotek,muzea lub biblioteki,sąd,government,,,,,
budynki szpitali i zakładów opieki medycznej,budynki szpitali i zakładów opieki medyczne,bank,yes,,,,,
"zbiorniki, silosy i budynki magazynowe","zbiorniki, silosy lub budynki magazynowe",magazyn,warehouse,,,,,
ogólnodostępne obiekty kulturalne,ogólnodostępne budynki kulturalne,kino,yes,,,,,
budynki szpitali i zakładów opieki medycznej,budynki szpitali i zakładów opieki medyczne,Urząd Marszałkowski,government,,,,,
budynki gospodarstw rolnych,budynki gospodarstwa rolnego,inny urząd administracji publicznej,yes,,,,,
budynki przemysłowe,budynki przemysłowe,stacja paliw,yes,,,,,
budynki handlowo-usługowe,budynki handlowo-usługowe,apteka,yes,,,,,
"budynki łączności, dworców i terminali",budynki łączności dworców i terminali,pawilon handlowo-usługowy,retail,,,,,
budynki zbiorowego zamieszkania,budynki zbiorowego zamieszkani,budynek wielorodzinny,apartments,,,,,
budynki gospodarstw rolnych,"","",yes,,,,,
budynki przemysłowe,budynki przemysłowe,dom weselny,yes,,,,,
"zbiorniki, silosy i budynki magazynowe","zbiorniki, silosy lub budynki magazynowe",dom weselny,yes,,,,,
ogólnodostępne obiekty kulturalne,ogólnodostępne budynki kulturalne,garaż,garage,,,,,
budynki muzeów i bibliotek,muzea lub biblioteki,ośrodek szkoleniowo wypoczynkowy,yes,,,,,guest_house
budynki gospodarstw rolnych,budynki gospodarstwa rolnego,budynek o dwóch mieszkaniach,farmhouse,,,,,
budynki handlowo-usługowe,budynki handlowo-usługowe,hotel robotniczy,hotel,,,,,
"zbiorniki, silosy i budynki magazynowe","zbiorniki, silosy lub budynki magazynowe",młyn,yes,,,,,
budynki handlowo-usługowe,budynki handlowo-usługowe,leśniczówka,yes,,,,,
budynki biurowe,budynki biurowe,restauracja,yes,,,,,
budynki muzeów i bibliotek,muzea lub biblioteki,bank,yes,,,,,
budynki kultury fizycznej,budynki kultury fizycznej,"klub, dyskoteka",yes,,,,,
budynki o trzech i więcej mieszkaniach,budynki o trzech i więcej mieszkaniach,budynek o dwóch mieszkaniach,house,,,,,
budynki handlowo-usługowe,budynki handlowo-usługowe,policja,yes,,,,,
budynki szkół i instytucji badawczych,budynki szkół i instytucji badawczych,sąd,government,,,,,
budynki kultury fizycznej,budynki kultury fizycznej,sztuczne lodowisko,yes,,,,,
"pozostałe budynki niemieszkalne, gdzie indziej nie wymienione",pozostałe budynki niemieszkalne,elektrociepłownia,industrial,,,,,
budynki przemysłowe,budynki przemysłowe,siedziba firmy lub firm,yes,,,,,
budynki gospodarstw rolnych,budynki gospodarstwa rolnego,klinika weterynaryjna,yes,,,,,
"pozostałe budynki niemieszkalne, gdzie indziej nie wymienione",pozostałe budynki niemieszkalne,toaleta publiczna,yes,,,,,
"budynki zakwaterowania turystycznego, pozostałe",pozostałe budynki zakwaterowania turystycznego,hotel,hotel,,,,,
"pozostałe budynki niemieszkalne, gdzie indziej nie wymienione",pozostałe budynki niemieszkalne,bacówka,yes,,,,,
budynki gospodarstw rolnych,budynki gospodarstwa rolnego,młyn,yes,,,,,
budynki garaży,garaże,apteka,yes,,,,,
budynki biurowe,budynki biurowe,bank,yes,,,,,
budynki muzeów i bibliotek,muzea lub biblioteki,archiwum,yes,,,,,
budynki szpitali i zakładów opieki medycznej,budynki szpitali i zakładów opieki medyczne,dom dla bezdomnych,yes,,,,,
budynki szkół i instytucji badawczych,budynki szkół i instytucji badawczych,bursa szkolna,yes,,,,,
budynki szkół i instytucji badawczych,budynki szkół i instytucji badawczych,placówka dyplomatyczna lub konsularna,government,,,,,
ogólnodostępne obiekty kulturalne,ogólnodostępne budynki kulturalne,Urząd Marszałkowski,government,,,,,
budynki hoteli,budynki hoteli,dom zakonny,yes,,,,,
budynki handlowo-usługowe,budynki handlowo-usługowe,pensjonat,yes,,,,,guest_house
ogólnodostępne obiekty kulturalne,ogólnodostępne budynki kulturalne,dom studencki,dormitory,,,,,
"budynki łączności, dworców i terminali",budynki łączności dworców i terminali,siedziba firmy lub firm,yes,,,,,
ogólnodostępne obiekty kulturalne,ogólnodostępne budynki kulturalne,dom parafialny,yes,,,,,
budynki garaży,garaże,policja,yes,,,,,
budynki zbiorowego zamieszkania,budynki zbiorowego zamieszkani,dom studencki,dormitory,,,,,
"pozostałe budynki niemieszkalne, gdzie indziej nie wymienione",pozostałe budynki niemieszkalne,budynek gospodarczy,yes,,,,,
"zbiorniki, silosy i budynki magazynowe","zbiorniki, silosy lub budynki magazynowe",stacja paliw,yes,,,,,
budynki biurowe,budynki biurowe,siedziba firmy lub firm,office,,,,,
budynki handlowo-usługowe,budynki handlowo-usługowe,placówka operatora pocztowego,yes,,,,,
budynki gospodarstw rolnych,budynki gospodarstwa rolnego,szkoła ponadpodstawowa,yes,school,,,,
budynki gospodarstw rolnych,budynki gospodarstwa rolnego,pawilon handlowo-usługowy,retail,,,,,
budynki zbiorowego zamieszkania,budynki zbiorowego zamieszkani,budynek jednorodzinny,house,,,,,
ogólnodostępne obiekty kulturalne,ogólnodostępne budynki kulturalne,budynek ogrodu zoo lub botanicznego,yes,,,,,
budynki zbiorowego zamieszkania,budynki zbiorowego zamieszkani,hotel robotniczy,hotel,,,,,
budynki kultury fizycznej,budynki kultury fizycznej,halowy tor gokartowy,yes,,,,,
budynki muzeów i bibliotek,muzea lub biblioteki,biblioteka,yes,,,,,
budynki szpitali i zakładów opieki medycznej,budynki szpitali i zakładów opieki medyczne,kotłownia,service,,,,,
budynki gospodarstw rolnych,budynki gospodarstwa rolnego,sala gimnastyczna,yes,,,,,
budynki handlowo-usługowe,budynki handlowo-usługowe,dom towarowy lub handlowy,retail,,,,,
budynki szpitali i zakładów opieki medycznej,budynki szpitali i zakładów opieki medyczne,szkoła wyższa,university,,,,,
"pozostałe budynki niemieszkalne, gdzie indziej nie wymienione",pozostałe budynki niemieszkalne,"",yes,,,,,
budynki handlowo-usługowe,budynki handlowo-usługowe,siedziba firmy lub firm,office,,,,,
budynki gospodarstw rolnych,budynki gospodarstwa rolnego,hangar,hangar,,,,,
ogólnodostępne obiekty kulturalne,ogólnodostępne budynki kulturalne,dom wypoczynkowy,hotel,,,,,
budynki szpitali i zakładów opieki medycznej,budynki szpitali i zakładów opieki medyczne,biblioteka,yes,,,,,
budynki zbiorowego zamieszkania,budynki zbiorowego zamieszkani,budynek o dwóch mieszkaniach,house,,,,,
"pozostałe budynki niemieszkalne, gdzie indziej nie wymienione",pozostałe budynki niemieszkalne,siedziba firmy lub firm,yes,,,,,
"pozostałe budynki niemieszkalne, gdzie indziej nie wymienione",pozostałe budynki niemieszkalne,kotłownia,service,,,,,
budynki przemysłowe,budynki przemysłowe,hala wystawowa,yes,,,,,
budynki przeznaczone do sprawowania kultu religijnego i czynności religijnych,budynki kultu religijnego,kościół,church,,,,,
budynki szkół i instytucji badawczych,budynki szkół i instytucji badawczych,garaż,garage,,,,,
budynki szkół i instytucji badawczych,budynki szkół i instytucji badawczych,kino,yes,,,,,
budynki szpitali i zakładów opieki medycznej,budynki szpitali i zakładów opieki medyczne,sanatorium,hotel,,,,,
budynki gospodarstw rolnych,budynki gospodarstwa rolnego,klasztor,yes,,,,,
budynki kultury fizycznej,budynki kultury fizycznej,hotel,hotel,,,,,
budynki handlowo-usługowe,budynki handlowo-usługowe,hotel,hotel,,,,,
budynki szpitali i zakładów opieki medycznej,budynki szpitali i zakładów opieki medyczne,dom towarowy lub handlowy,retail,,,,,
budynki kultury fizycznej,budynki kultury fizycznej,biblioteka,yes,,,,,
"zbiorniki, silosy i budynki magazynowe","zbiorniki, silosy lub budynki magazynowe",bank,yes,,,,,
budynki gospodarstw rolnych,budynki gospodarstwa rolnego,kotłownia,service,,,,,
ogólnodostępne obiekty kulturalne,ogólnodostępne budynki kulturalne,schronisko turystyczne,yes,,,,,alpine_hut
budynki szpitali i zakładów opieki medycznej,budynki szpitali i zakładów opieki medyczne,budynek o dwóch mieszkaniach,house,,,,,
budynki kultury fizycznej,budynki kultury fizycznej,budynek jednorodzinny,house,,,,,
budynki przeznaczone do sprawowania kultu religijnego i czynności religijnych,budynki kultu religijnego,biblioteka,yes,,,,,
ogólnodostępne obiekty kulturalne,ogólnodostępne budynki kulturalne,Urząd Miasta,government,,,,,
budynki biurowe,budynki biurowe,Kuria Metropolitarna,yes,,,,,
budynki kultury fizycznej,budynki kultury fizycznej,ujeżdżalnia,riding_hall,,,,,
budynki garaży,garaże,centrum handlowe,garage,,,,,
"zbiorniki, silosy i budynki magazynowe","zbiorniki, silosy lub budynki magazynowe",stacja obsługi pojazdów,garage,vehicle_inspection,,,,
ogólnodostępne obiekty kulturalne,ogólnodostępne budynki kulturalne,placówka operatora pocztowego,yes,,,,,
budynki przemysłowe,budynki przemysłowe,wiatrak,yes,,,,,
budynki przeznaczone do sprawowania kultu religijnego i czynności religijnych,budynki kultu religijnego,synagoga,synagogue,,,,,
